huy3.nguyen-Nguyenhuy@97-1-1
giao.nguyen-Nguyengiao@97-1-1
uyen.nguyen-Nguyenuyen@97-1-1
khang.le-Lekhang@97-1-1
qwerty.qwe-Qweqwerty@11-1-1
hoang.dung-Hoangdung@97-1-1

